model,accuracy,precision,recall,f1_macro,auroc,auprc
TFIDF+LR,0.9603448275862068,0.961204586861001,0.9605903128753376,0.9603372817658532,0.9912981175155486,0.9931589408190244
DistilBERT,0.9767241379310344,0.9767149758454106,0.9767305656966856,0.9767220447141872,0.9987424337919636,0.998799841698537
