{
  "val": {
    "acc": 0.9586206896551724,
    "f1": 0.9581881533101045,
    "confusion_matrix": [
      [
        562,
        12
      ],
      [
        36,
        550
      ]
    ]
  },
  "test": {
    "acc": 0.9543103448275863,
    "f1": 0.9533861037818822,
    "confusion_matrix": [
      [
        565,
        13
      ],
      [
        40,
        542
      ]
    ]
  }
}